<XML DayInWeek='6' SetupWeeks='LU,MA,ME,GI,VE' >

	<Professore Name='LUCIA' Sigla='LS'>
		<Classe Name='1A' OreFrontali='20' />
	</Professore>
	
	<Professore Name='GIUSEPPA' Sigla='GL'>
		<Classe Name='1B' OreFrontali='20' />
	</Professore>
	
	<Professore Name='SALVATRICE' Sigla='SF'>
		<Classe Name='1C' OreFrontali='20' />
	</Professore>
		
	<Professore Name='BATTISTINA' Sigla='BI'>
		<Classe Name='1D' OreFrontali='20' />
	</Professore>
	
	<Professore Name='VALERIA' Sigla='GZ'>
		<Classe Name='1E' OreFrontali='20' />
	</Professore>
		
	<Professore Name='DANILA' Sigla='DG'>
		<Classe Name='1A' OreFrontali='8' />
		<Classe Name='1B' OreFrontali='6' />
		<Classe Name='1C' OreFrontali='6' />
	</Professore>
	
	<Professore Name='ANTONELLA' Sigla='AF'>
		<Classe Name='1B' OreFrontali='2' />
		<Classe Name='1C' OreFrontali='2' />
		<Classe Name='1D' OreFrontali='8' />				
		<Classe Name='1E' OreFrontali='8' />		
	</Professore>
	
	<Professore Name='CARMELO' Sigla='R1'>
		<Classe Name='1B' OreFrontali='2' />
	</Professore>
	
	<Professore Name='GIOVANNA' Sigla='R2'>
		<Classe Name='1A' OreFrontali='2' />
		<Classe Name='1E' OreFrontali='2' />
	</Professore>
	
	<Professore Name='GIRLANDO' Sigla='R3'>
		<Classe Name='1C' OreFrontali='2' />
		<Classe Name='1D' OreFrontali='2' />
	</Professore>
	
</XML>